id,nombre,apellido,email,ciudad
1,Silva,Blackwood,sblackwood0@csmonitor.com,Hechun
2,Pauly,Byfford,pbyfford1@hostgator.com,Lazurne
3,Penny,Jaskiewicz,pjaskiewicz2@scribd.com,Baiguan
4,Daren,Maple,dmaple3@chron.com,Savelugu
5,Hanan,Nodes,hnodes4@utexas.edu,Maroa
6,Harbert,Calafato,hcalafato5@ebay.com,Phúc Yên
7,Launce,Arundell,larundell6@yellowbook.com,Växjö
8,Lanna,Kosiada,lkosiada7@w3.org,Tamandaré
9,Leontine,Kildea,lkildea8@elegantthemes.com,Franca
10,Gib,Perutto,gperutto9@cyberchimps.com,Podol’sk
11,Cos,McReath,cmcreatha@taobao.com,Vyshneye Dolgoye
12,Vivian,Bonney,vbonneyb@google.nl,Birātnagar
13,Frayda,Vacher,fvacherc@icq.com,San Vicente de Bique
14,Jami,Savary,jsavaryd@hp.com,Panjiang
15,Jean,Rangall,jrangalle@imageshack.us,Nong Bua Lamphu
16,Caroljean,Mowat,cmowatf@dyndns.org,Nong Ruea
17,Celinda,Labrom,clabromg@cam.ac.uk,Bajia
18,Benjie,Carder,bcarderh@ask.com,Brits
19,Ingaberg,Woollcott,iwoollcotti@zdnet.com,Quellouno
20,Colline,Perring,cperringj@independent.co.uk,Lisboa
21,Juliana,Julian,jjuliank@comcast.net,Irvine
22,Dunn,Arney,darneyl@studiopress.com,Ganshui
23,Ransom,L'Hommeau,rlhommeaum@diigo.com,Baiyangwan
24,Emmit,Sayer,esayern@gravatar.com,Pedamaran
25,Simone,Wildor,swildoro@hud.gov,Xiniqi
26,Elaine,Tommaseo,etommaseop@kickstarter.com,Qalqaman
27,Maisie,Cramond,mcramondq@delicious.com,Delft
28,Arlyn,Clemenzi,aclemenzir@elpais.com,Värmdö
29,Heinrick,Ortells,hortellss@cbc.ca,Pillpinto
30,Consuela,Urquhart,curquhartt@hhs.gov,Al Muwayh
31,Ula,MacNeish,umacneishu@istockphoto.com,Marechal Cândido Rondon
32,Allie,Screase,ascreasev@google.de,Seltjarnarnes
33,Albertine,Macklam,amacklamw@cloudflare.com,Valencia
34,Reeba,Romayne,rromaynex@etsy.com,Vryburg
35,Inessa,Grelka,igrelkay@youtube.com,Bao’an
36,Shem,Maffia,smaffiaz@exblog.jp,Uhniv
37,Cassondra,Kerkham,ckerkham10@cbsnews.com,Firá
38,Cordie,Larkings,clarkings11@census.gov,Nakano
39,Fernando,Lyfield,flyfield12@google.co.jp,Isaka
40,Terence,Stollsteiner,tstollsteiner13@quantcast.com,Fuxin
41,Rodrique,Verrillo,rverrillo14@sakura.ne.jp,Bang Pahan
42,Cissiee,Turfin,cturfin15@google.co.jp,Nunbaundelha
43,Dalia,O'Connolly,doconnolly16@t.co,Caparrapí
44,Neill,McFie,nmcfie17@feedburner.com,Spassk-Dal’niy
45,Gladys,Comettoi,gcomettoi18@ustream.tv,Liuge
46,Elroy,Earles,eearles19@discuz.net,Sanshan
47,Powell,Matusiak,pmatusiak1a@ameblo.jp,Nowy Korczyn
48,Lilllie,Poller,lpoller1b@digg.com,Samothráki
49,Alphonso,Wedge,awedge1c@hubpages.com,Huayucachi
50,Cristy,Chieco,cchieco1d@dropbox.com,Quezon City
51,Delaney,Hatherley,dhatherley1e@earthlink.net,Salt Lake City
52,Shani,Dionisi,sdionisi1f@devhub.com,Engure
53,Devora,Mattson,dmattson1g@github.io,Huaqiao
54,Jeanine,Birdwistle,jbirdwistle1h@purevolume.com,Jiangguanchi
55,Cherlyn,Rickhuss,crickhuss1i@bbb.org,Rajsko
56,Lorette,Banghe,lbanghe1j@1und1.de,Buenos Aires
57,Rolland,Struttman,rstruttman1k@about.me,Poctol
58,Stephannie,Murrells,smurrells1l@apache.org,Psachná
59,Flossy,Brophy,fbrophy1m@google.es,Xinwan
60,Elston,Rogerot,erogerot1n@blogspot.com,Veracruz
61,Chic,Southern,csouthern1o@networksolutions.com,Youcheng
62,Melantha,Sharrard,msharrard1p@yellowpages.com,West Palm Beach
63,Sofia,Strettell,sstrettell1q@fda.gov,Ialoveni
64,Viviyan,Ovey,vovey1r@reference.com,Mocoa
65,Reta,Perrins,rperrins1s@lycos.com,Cidolog
66,Sharyl,Hansley,shansley1t@vkontakte.ru,Edinburgh
67,Tate,Caff,tcaff1u@webmd.com,Yegorlykskaya
68,Maurita,Skarman,mskarman1v@skyrock.com,Seara
69,Aleece,Crinage,acrinage1w@furl.net,Lansing
70,Curt,Hartright,chartright1x@noaa.gov,Lutou
71,Idelle,Leffek,ileffek1y@dailymail.co.uk,Pangansalan
72,Trisha,Scad,tscad1z@nyu.edu,Karpinsk
73,Bent,Matisoff,bmatisoff20@disqus.com,Santa Eulalia
74,Silvano,Fawthorpe,sfawthorpe21@technorati.com,Kaura Namoda
75,Giselle,Alabaster,galabaster22@ibm.com,Hînceşti
76,Nikaniki,Mapples,nmapples23@ustream.tv,Kaliuling
77,Harriette,Edsell,hedsell24@unesco.org,La Huerta
78,Gal,Farrand,gfarrand25@thetimes.co.uk,Onitsha
79,Joli,Scrane,jscrane26@merriam-webster.com,Houping
80,Hart,Enriques,henriques27@skyrock.com,Polonnaruwa
81,Davida,Baumann,dbaumann28@aol.com,San Benito
82,Dorothy,Massow,dmassow29@delicious.com,Semang
83,Melitta,Jell,mjell2a@fema.gov,Länsi-Turunmaa
84,Merridie,Edelheid,medelheid2b@aboutads.info,San Luis Jilotepeque
85,Paxton,Grouvel,pgrouvel2c@columbia.edu,Shangsanji
86,Lucine,Hairs,lhairs2d@angelfire.com,Kudinovo
87,Lorilee,Hapke,lhapke2e@yandex.ru,Sanbao
88,Tarah,Barkes,tbarkes2f@comsenz.com,El Calafate
89,Ricardo,Conibere,rconibere2g@hud.gov,Halmstad
90,Jean,Muscat,jmuscat2h@oracle.com,Wu’erbu Baolige
91,Hermione,London,hlondon2i@dailymail.co.uk,Guantouzui
92,Lanette,Urwen,lurwen2j@seesaa.net,Maskinongé
93,Barty,Burgott,bburgott2k@alexa.com,Liperi
94,Davidson,Moorton,dmoorton2l@nymag.com,Šmarje pri Jelšah
95,Selle,Sharratt,ssharratt2m@washingtonpost.com,Angochi
96,Aubrette,Magrannell,amagrannell2n@123-reg.co.uk,Nanqiao
97,Allsun,Coffee,acoffee2o@ox.ac.uk,Markaz Bilād aţ Ţa‘ām
98,Jamaal,Buttel,jbuttel2p@dailymail.co.uk,Pisz
99,Rosalind,Langthorne,rlangthorne2q@webmd.com,Karangsuko
100,Kathryne,Capsey,kcapsey2r@woothemes.com,Boljevci
101,Laurie,Chill,lchill2s@indiatimes.com,Yablochnyy
102,Nester,Wilacot,nwilacot2t@stanford.edu,Pom Prap Sattru Phai
103,Willard,Kasbye,wkasbye2u@unicef.org,San Ricardo
104,Siegfried,Yeabsley,syeabsley2v@is.gd,Mirabel
105,Rudy,Broadbridge,rbroadbridge2w@so-net.ne.jp,Korop
106,Sherlocke,Grichukhanov,sgrichukhanov2x@webeden.co.uk,Pigcawayan
107,Tracey,McKeggie,tmckeggie2y@woothemes.com,Opatów
108,Iorgos,Oleksinski,ioleksinski2z@goo.ne.jp,Police nad Metují
109,Billie,Ringe,bringe30@wired.com,Ndofane
110,Deana,Westcott,dwestcott31@bravesites.com,Tonghu
111,Amy,Collison,acollison32@adobe.com,Il’inskiy
112,Meta,Chessum,mchessum33@51.la,Chadiza
113,Brianne,Brandsma,bbrandsma34@mail.ru,Amsterdam-Oost
114,Eward,Bestar,ebestar35@t.co,České Meziříčí
115,Deni,Wollacott,dwollacott36@feedburner.com,Lüderitz
116,Johannes,Assiter,jassiter37@zdnet.com,Cikalong
117,Sigvard,Halvosen,shalvosen38@1und1.de,Peñarrubia
118,George,Rowsel,growsel39@thetimes.co.uk,Pargas
119,Jilly,Struys,jstruys3a@webeden.co.uk,Novyy Nekouz
120,Kelby,Tumilty,ktumilty3b@jugem.jp,Niort
121,Barn,Ecles,becles3c@epa.gov,Stockholm
122,Aridatha,Feaks,afeaks3d@rakuten.co.jp,Paraná
123,Erick,Recher,erecher3e@jugem.jp,Krajan Gajahmati
124,Olimpia,Hatcliffe,ohatcliffe3f@techcrunch.com,Castrovirreyna
125,Roderic,Droghan,rdroghan3g@ox.ac.uk,Qorao’zak
126,Jedidiah,Cliffe,jcliffe3h@flickr.com,Červená Voda
127,Bryce,Tilne,btilne3i@washingtonpost.com,Cidolog
128,Thaddus,Zelland,tzelland3j@studiopress.com,Lekaj
129,Joli,Le Barr,jlebarr3k@tripadvisor.com,Pinheiral
130,Aguistin,MacKimmie,amackimmie3l@census.gov,Hukvaldy
131,Alexandros,Dabner,adabner3m@intel.com,Íasmos
132,Bebe,Rizzillo,brizzillo3n@symantec.com,Novaya Usman’
133,Alasdair,Yakebowitch,ayakebowitch3o@sun.com,Horad Krychaw
134,Boniface,Millership,bmillership3p@pen.io,Horní Štěpánov
135,Tripp,Jerrans,tjerrans3q@constantcontact.com,Mineralni Bani
136,Darcy,Beeby,dbeeby3r@ucsd.edu,Bafoussam
137,Kipp,Bew,kbew3s@ucoz.ru,Pingba
138,Gwyneth,Dimbleby,gdimbleby3t@sun.com,Tanahwangko
139,Goldi,Leggis,gleggis3u@goodreads.com,Sankeng
140,Clarey,Rule,crule3v@ustream.tv,Bojongnangka
141,Alanah,Carnihan,acarnihan3w@admin.ch,Quxia
142,Dre,Woodsford,dwoodsford3x@army.mil,Dagsar
143,Wilbur,MacAlpine,wmacalpine3y@bing.com,Bandar-e ‘Asalūyeh
144,Yasmeen,Lidbetter,ylidbetter3z@springer.com,Sete Lagoas
145,Willow,Skelcher,wskelcher40@xing.com,Chedao
146,Gayleen,Etter,getter41@networkadvertising.org,Racine
147,Skipton,Chalfant,schalfant42@opensource.org,Sinegor'ye
148,Yorgo,Wagnerin,ywagnerin43@umn.edu,Madrid
149,Dill,Huntley,dhuntley44@nationalgeographic.com,Billère
150,Pacorro,Claybourn,pclaybourn45@dion.ne.jp,Arcena Pequena
151,Waldon,Odom,wodom46@smugmug.com,Oekuu
152,Beatriz,Cockayne,bcockayne47@themeforest.net,Asamboka
153,Templeton,Mathewes,tmathewes48@jalbum.net,Kabir
154,Ariadne,Moston,amoston49@cloudflare.com,Cuijiaqiao
155,Abigael,Tyreman,atyreman4a@virginia.edu,Galapa
156,Byron,Perrygo,bperrygo4b@wikispaces.com,Salto
157,Elladine,Orgel,eorgel4c@usa.gov,Tianjiazhuang
158,Kimmi,Ireson,kireson4d@quantcast.com,Kazanskoye
159,George,Shellard,gshellard4e@canalblog.com,Sastöbe
160,Stormie,Phair,sphair4f@squarespace.com,Fovissste
161,Sigrid,Mahaddie,smahaddie4g@youtube.com,Sangari
162,Wilhelm,Ching,wching4h@wunderground.com,Angus
163,Willa,Gentile,wgentile4i@opensource.org,Shchelkovo
164,Yettie,Mallabone,ymallabone4j@cmu.edu,Beiyang
165,Irita,Tarbatt,itarbatt4k@bbb.org,Tinambacan
166,Kelbee,Bassom,kbassom4l@addthis.com,Kut Chum
167,Fernando,Canceller,fcanceller4m@google.com,Gosen
168,Tadio,Gibling,tgibling4n@github.com,Vindeln
169,Brand,Fenn,bfenn4o@yellowbook.com,Jarānwāla
170,Xylia,Renihan,xrenihan4p@hp.com,Anopog
171,Cornelia,Raymont,craymont4q@shinystat.com,Kol’chugino
172,Olav,Tothe,otothe4r@smh.com.au,Guacamaya
173,Kristin,MacGibbon,kmacgibbon4s@1und1.de,Suleja
174,Mordecai,Tremoille,mtremoille4t@ning.com,Manzurka
175,Sibyl,Hentzer,shentzer4u@hugedomains.com,Caen
176,Deeyn,Jagg,djagg4v@ftc.gov,Neuville
177,Lucretia,Ferens,lferens4w@adobe.com,Shi’ao
178,Lela,Kolak,lkolak4x@tumblr.com,Xigangzi
179,Basilius,Hawkin,bhawkin4y@nhs.uk,Abuochiche
180,Armin,Timblett,atimblett4z@pagesperso-orange.fr,Uíge
181,Ingunna,Breslane,ibreslane50@scribd.com,Néos Oropós
182,Blaire,Gavin,bgavin51@webs.com,Zhalinghu
183,Ingar,Feldheim,ifeldheim52@bbb.org,Potlot
184,Nessy,Oultram,noultram53@scribd.com,Semiletka
185,Gayler,Lafranconi,glafranconi54@yale.edu,Carregado
186,Bernie,Warcup,bwarcup55@hexun.com,Shengping
187,Ester,Cromer,ecromer56@samsung.com,Матејче
188,Lurline,Trollope,ltrollope57@360.cn,Linxihe
189,Luciano,Ferro,lferro58@printfriendly.com,Rama
190,Staford,Kikke,skikke59@dropbox.com,Trąbki
191,Elladine,Torn,etorn5a@jigsy.com,Tanzhou
192,Elias,Dane,edane5b@ca.gov,Leku
193,Krispin,Macura,kmacura5c@aboutads.info,Karangsari
194,Marthe,Clendinning,mclendinning5d@deliciousdays.com,Czudec
195,Emelda,Whittington,ewhittington5e@cnbc.com,Oenunu
196,Jackie,Begent,jbegent5f@soundcloud.com,Kugesi
197,Augustin,Flasby,aflasby5g@ow.ly,San Marcos
198,Beck,Steuhlmeyer,bsteuhlmeyer5h@ovh.net,Foshan
199,Larry,Malan,lmalan5i@list-manage.com,Seto
200,Mackenzie,Lemmens,mlemmens5j@github.com,Kalāt-e Nāderī
201,Edeline,Shurrocks,eshurrocks5k@cyberchimps.com,Älvdalen
202,Javier,Bantock,jbantock5l@yolasite.com,Lüderitz
203,Agnola,Stanlake,astanlake5m@reddit.com,Ban Talat Bueng
204,Kathye,Bolitho,kbolitho5n@mail.ru,Tingo María
205,Jodi,Leah,jleah5o@techcrunch.com,Old Harbour Bay
206,Giorgia,Kellert,gkellert5p@lycos.com,Jacaltenango
207,Shane,Pope,spope5q@devhub.com,Harrisburg
208,Brandise,Ambrosch,bambrosch5r@ustream.tv,Igarapé Açu
209,Dick,Jeenes,djeenes5s@wikipedia.org,Mulyorejo
210,Ethan,Stickings,estickings5t@webnode.com,Tupambaé
211,Jimmie,Erangey,jerangey5u@usgs.gov,Hepo
212,Edyth,Krauss,ekrauss5v@rakuten.co.jp,Boshof
213,Kiele,Fiorentino,kfiorentino5w@printfriendly.com,Umunede
214,Max,Tinmouth,mtinmouth5x@sfgate.com,Naekan
215,Eveline,Fidilis,efidilis5y@newyorker.com,Arapiraca
216,Gerianna,Garmanson,ggarmanson5z@shutterfly.com,Macaíba
217,Duky,Arends,darends60@blog.com,Sobral
218,Camille,Blastock,cblastock61@list-manage.com,Jiangzao
219,Reggi,Brandt,rbrandt62@earthlink.net,Larreynaga
220,Gennie,Palfrey,gpalfrey63@virginia.edu,La Mesa
221,Ula,Stoeckle,ustoeckle64@sitemeter.com,Yong’an
222,Brady,Callum,bcallum65@ox.ac.uk,Chulakivka
223,Janaye,Zaczek,jzaczek66@devhub.com,Ifon
224,Forrester,Castangia,fcastangia67@creativecommons.org,Xinqiao
225,Ernesta,Stobbs,estobbs68@usa.gov,Fontem
226,Verene,Scotland,vscotland69@cam.ac.uk,Payao
227,Maisey,Rowden,mrowden6a@answers.com,Sawahan
228,Teddy,Maysor,tmaysor6b@ed.gov,Shuhong
229,Giffie,Longley,glongley6c@stanford.edu,Tamano
230,Emilio,Silverston,esilverston6d@cnbc.com,Senanga
231,Myrlene,McCafferky,mmccafferky6e@uol.com.br,Austin
232,Tommie,Faucherand,tfaucherand6f@lulu.com,Sairam
233,Wynn,Gull,wgull6g@booking.com,Xiliu
234,Hatti,Bloomer,hbloomer6h@squidoo.com,Purificación
235,Molli,Worsam,mworsam6i@yolasite.com,Krasnyy Lyman
236,Ode,Decourcy,odecourcy6j@wikipedia.org,Mao
237,Derwin,Kynston,dkynston6k@psu.edu,Turba
238,Rori,Clark,rclark6l@merriam-webster.com,Dubna
239,Staffard,Orto,sorto6m@apache.org,Gangshangji
240,June,Gierth,jgierth6n@dell.com,Bordeaux
241,Shelia,Palle,spalle6o@wp.com,Narukan
242,Ashil,Winskill,awinskill6p@prlog.org,Ourinhos
243,Hermione,Rayman,hrayman6q@ehow.com,Sintansin
244,Camellia,Yitzhakof,cyitzhakof6r@opera.com,Donggu
245,Garrik,Saladino,gsaladino6s@gnu.org,Shunde
246,Nyssa,Domerque,ndomerque6t@merriam-webster.com,Cama Juan
247,Amby,Hrihorovich,ahrihorovich6u@tinypic.com,Odoyev
248,Ingram,Mackelworth,imackelworth6v@cbc.ca,Kuje
249,Edy,Melding,emelding6w@icio.us,Rizal
250,Riley,Worley,rworley6x@liveinternet.ru,Dolany
251,Eugine,McCarrell,emccarrell6y@xrea.com,Pacho
252,Adina,Lintin,alintin6z@ocn.ne.jp,Ciodeng
253,Blondell,Dockwray,bdockwray70@netlog.com,Tân An
254,Blayne,Cammish,bcammish71@a8.net,Lusambo
255,Hulda,McFetridge,hmcfetridge72@nbcnews.com,Buenavista
256,Rosita,Martindale,rmartindale73@businessweek.com,Pambuhan
257,Tabbitha,Weatherburn,tweatherburn74@prlog.org,Jinshi
258,Madelene,Knappett,mknappett75@topsy.com,Belfast
259,Melissa,Bolliver,mbolliver76@examiner.com,Šventoji
260,Celestine,Areles,careles77@cafepress.com,Lages
261,Jobina,Borchardt,jborchardt78@google.it,Hairag
262,Fara,Pessolt,fpessolt79@addthis.com,Orléans
263,Ram,Pettipher,rpettipher7a@paypal.com,Ermelo
264,Alvina,Springham,aspringham7b@opera.com,Lop
265,Hillie,Storey,hstorey7c@boston.com,Baizhu
266,Kain,Sergeant,ksergeant7d@weather.com,Frashër
267,Jany,Heathorn,jheathorn7e@archive.org,Jeleuk
268,Bertha,Muneely,bmuneely7f@godaddy.com,San José de Barlovento
269,Waldon,Schukert,wschukert7g@skype.com,Ica
270,Lexine,Craddock,lcraddock7h@wired.com,Ust’-Donetskiy
271,Hyacinth,Youings,hyouings7i@squarespace.com,Outeirô
272,Von,Rosenfield,vrosenfield7j@sciencedirect.com,Quitilipi
273,Lonna,Massow,lmassow7k@shutterfly.com,Al Khārijah
274,Filberte,Fannin,ffannin7l@cbsnews.com,Pran Buri
275,Colman,Blasdale,cblasdale7m@nationalgeographic.com,Týrnavos
276,Puff,Sergison,psergison7n@ucla.edu,Maceda
277,Shannen,Langlands,slanglands7o@sogou.com,Nerópolis
278,Rhett,Mityushin,rmityushin7p@walmart.com,Orange
279,Kati,Thorneywork,kthorneywork7q@timesonline.co.uk,Hekou
280,Jedediah,Blinder,jblinder7r@timesonline.co.uk,Aimin
281,Iggy,Wason,iwason7s@yelp.com,Néa Filadélfeia
282,Noel,McLucas,nmclucas7t@patch.com,Yixingfu
283,Dodie,Godier,dgodier7u@pagesperso-orange.fr,Phibun Mangsahan
284,Eldridge,Hassan,ehassan7v@posterous.com,Wadeng
285,Amara,Childrens,achildrens7w@cnet.com,Troitsk
286,Dougie,Glasby,dglasby7x@google.de,Tianhekou
287,Linnet,Ungerechts,lungerechts7y@myspace.com,Ussuriysk
288,Dill,Cordner,dcordner7z@yahoo.co.jp,Hongmiao
289,Ketty,Bortol,kbortol80@posterous.com,Viga
290,Tony,Eadington,teadington81@indiegogo.com,Lajinha
291,Mel,Bridgman,mbridgman82@mac.com,Huangfang
292,Patty,MacGiffin,pmacgiffin83@cdbaby.com,La Sarrosa
293,Hildegarde,Bakster,hbakster84@bloglovin.com,Barda
294,Kennedy,Lecky,klecky85@google.fr,Phoenix
295,Donny,Flea,dflea86@ovh.net,Sydney
296,Giustina,Gellier,ggellier87@blogspot.com,Västerås
297,Monte,Itzakson,mitzakson88@xinhuanet.com,Lengshuitan
298,Elka,Gianotti,egianotti89@reverbnation.com,Gainesville
299,Garnette,Haitlie,ghaitlie8a@ifeng.com,Machachi
300,Corina,Crenage,ccrenage8b@booking.com,Petite Anse
301,Guglielmo,Inold,ginold8c@dot.gov,Jaguaribe
302,Amaleta,Bownas,abownas8d@howstuffworks.com,Yushugou
303,Tilly,Yesipov,tyesipov8e@cam.ac.uk,Várzea
304,Breena,Presdie,bpresdie8f@pagesperso-orange.fr,Rogowo
305,Anett,McArt,amcart8g@narod.ru,Damiku
306,Kingsly,Baline,kbaline8h@marriott.com,Pedro Juan Caballero
307,Karla,Danell,kdanell8i@blogspot.com,Shihua
308,Ervin,Roze,eroze8j@walmart.com,Manūjān
309,Prentice,Dudill,pdudill8k@clickbank.net,Dnipryany
310,Rosalinda,Lightowler,rlightowler8l@icq.com,Dalar
311,Christophe,Dorran,cdorran8m@craigslist.org,Cruz das Almas
312,Giraldo,Dunkley,gdunkley8n@discovery.com,Aioi
313,Anetta,Baine,abaine8o@rakuten.co.jp,Sv. Anton
314,Mab,McComb,mmccomb8p@apple.com,Puntaru
315,Sean,Milroy,smilroy8q@cnbc.com,Miryang
316,Erena,Heikkinen,eheikkinen8r@parallels.com,Al Ghandūrah
317,Harmony,Harlow,hharlow8s@drupal.org,Hengdian
318,Daffi,Beardwood,dbeardwood8t@comcast.net,Cuiabá
319,Joli,Fuster,jfuster8u@wufoo.com,Kaloyanovo
320,Brand,McCurdy,bmccurdy8v@freewebs.com,Turku
321,Ynez,Dyte,ydyte8w@wikipedia.org,Sentul
322,Claude,Stiegar,cstiegar8x@businessinsider.com,Vila do Maio
323,Simon,Sprott,ssprott8y@multiply.com,Metapán
324,Rudy,Tregiddo,rtregiddo8z@omniture.com,Pakembangan
325,Clarabelle,Klausewitz,cklausewitz90@illinois.edu,Thulamahashi
326,Nonnah,Lindberg,nlindberg91@nsw.gov.au,Viļaka
327,Robinson,Dri,rdri92@craigslist.org,Beloyarskiy
328,Rory,Hens,rhens93@constantcontact.com,Kolbano
329,Stavros,Boniface,sboniface94@hhs.gov,Velasco Ibarra
330,Florencia,Peedell,fpeedell95@craigslist.org,Corinto
331,Maxim,Kittle,mkittle96@epa.gov,Uglyanets
332,Benedick,Feye,bfeye97@cbc.ca,Yelwa
333,Neill,Hatliff,nhatliff98@weibo.com,Tehrān
334,Kynthia,Ashbrook,kashbrook99@i2i.jp,Soio
335,Eugine,Haygreen,ehaygreen9a@bloomberg.com,Bydgoszcz
336,Anabelle,Moberley,amoberley9b@topsy.com,Morelos
337,Elyse,Mundie,emundie9c@cdc.gov,Villeneuve-sur-Lot
338,Nathanial,Casson,ncasson9d@ca.gov,Rawa
339,Maddy,Keppin,mkeppin9e@vistaprint.com,Vyksa
340,Wendeline,Trodden,wtrodden9f@google.es,São Lourenço do Sul
341,Lina,Goodlake,lgoodlake9g@themeforest.net,Belén de los Andaquíes
342,Merrick,Prendeville,mprendeville9h@accuweather.com,Sarlat-la-Canéda
343,Callean,Knivett,cknivett9i@salon.com,Na Wa
344,Sydney,Cuncliffe,scuncliffe9j@ovh.net,Sosnovo-Ozerskoye
345,Talbert,Jedraszczyk,tjedraszczyk9k@wufoo.com,Sundsvall
346,Bobine,Tomsa,btomsa9l@chicagotribune.com,Combapata
347,Didi,MacKeller,dmackeller9m@census.gov,Mella
348,Ignatius,Humbell,ihumbell9n@nih.gov,Cishangang
349,Demetra,Hellwing,dhellwing9o@ocn.ne.jp,Martingança
350,Marget,Faragan,mfaragan9p@phoca.cz,Bokino
351,Malinda,Joincey,mjoincey9q@npr.org,Karang
352,Genevra,Wolfarth,gwolfarth9r@samsung.com,Pakisrejo
353,Missy,Strugnell,mstrugnell9s@unicef.org,Anxiang
354,Tallie,Ambrosi,tambrosi9t@amazonaws.com,Matnah
355,Kare,Coddington,kcoddington9u@oaic.gov.au,Mardzad
356,Melvin,Reinhardt,mreinhardt9v@51.la,San Diego
357,Jesus,Ferneyhough,jferneyhough9w@livejournal.com,Luqiao
358,Patrizius,Mattersley,pmattersley9x@comsenz.com,Huangmao
359,Scarlet,Gabbatiss,sgabbatiss9y@nhs.uk,Stamford
360,Nelie,Leisk,nleisk9z@usatoday.com,Cerro Corá
361,Fee,Raggles,fragglesa0@cnbc.com,Changshan
362,Judye,Hekkert,jhekkerta1@lulu.com,Mjamaoué
363,Deane,McMullen,dmcmullena2@wired.com,Kongsvinger
364,Stillman,Logg,slogga3@g.co,São Bento
365,Hesther,Degg,hdegga4@fastcompany.com,New Haven
366,Helaina,Dennert,hdennerta5@skyrock.com,Entradas
367,Effie,Walkington,ewalkingtona6@sciencedirect.com,Lille
368,Rickert,Ewbanks,rewbanksa7@princeton.edu,Sandvika
369,Haslett,Wooland,hwoolanda8@discuz.net,Stanisław Górny
370,Ida,Gowan,igowana9@google.de,Beigao
371,Kingston,Gorgen,kgorgenaa@un.org,Watsa
372,Hendrik,Axton,haxtonab@admin.ch,Merklín
373,Lionel,Gatrill,lgatrillac@wufoo.com,Longlou
374,Sadella,Lyddon,slyddonad@lulu.com,Baculongan
375,Tana,Preece,tpreeceae@mac.com,Quezon
376,Marty,Korting,mkortingaf@networksolutions.com,Ferrol
377,Wilhelmina,Trower,wtrowerag@de.vu,Solna
378,Riobard,Videneev,rvideneevah@columbia.edu,Vrané nad Vltavou
379,Eldredge,Vasyutkin,evasyutkinai@taobao.com,Stęszew
380,Miriam,Chezelle,mchezelleaj@wikispaces.com,España
381,Ivy,Whyberd,iwhyberdak@godaddy.com,Sukadana
382,Bartolomeo,Knill,bknillal@ucsd.edu,Panyuran
383,Worden,Sperski,wsperskiam@gravatar.com,Banag
384,Casar,Haistwell,chaistwellan@tinypic.com,Necoclí
385,Emilia,Edmondson,eedmondsonao@cafepress.com,Zagórnik
386,Vyky,Larchiere,vlarchiereap@unesco.org,Dingcheng
387,Quintin,Meekins,qmeekinsaq@rediff.com,Houston
388,Doroteya,Andreoletti,dandreolettiar@people.com.cn,Alivéri
389,Sean,Pickrill,spickrillas@bandcamp.com,Santa Rosa
390,Tully,Laughrey,tlaughreyat@nsw.gov.au,Ulan Us
391,Kanya,Ayerst,kayerstau@homestead.com,Kokaj
392,Edith,Spurdon,espurdonav@apple.com,Irupi
393,Friedrick,Nairn,fnairnaw@nature.com,Lijia
394,Bartholemy,Gordon-Giles,bgordongilesax@paginegialle.it,Jinsha
395,Judah,Gilding,jgildingay@phoca.cz,Cheb
396,Dotti,Arstall,darstallaz@imgur.com,Khōst
397,Ky,Irdale,kirdaleb0@oakley.com,Huancarqui
398,Harbert,Sebrens,hsebrensb1@wikispaces.com,Santa Cruz das Flores
399,Brinn,Yaakov,byaakovb2@businesswire.com,Nirgua
400,Mira,Robbe,mrobbeb3@addtoany.com,Ngurore
401,Myrtie,Secretan,msecretanb4@networksolutions.com,Shishan
402,Bunny,Grigorey,bgrigoreyb5@usatoday.com,Andop
403,Joscelin,Shoobridge,jshoobridgeb6@topsy.com,Tacoma
404,Ernesto,Skahill,eskahillb7@discuz.net,Jacksonville
405,Gunilla,Stott,gstottb8@4shared.com,Unden
406,Marsiella,Leaming,mleamingb9@biblegateway.com,Sindangsari
407,Lydon,Loosley,lloosleyba@blogs.com,Konotop
408,Fancie,Gannaway,fgannawaybb@hc360.com,Vila Nova de Santo André
409,Jacquie,Bickardike,jbickardikebc@arizona.edu,Kedungringin
410,Verge,Tothacot,vtothacotbd@altervista.org,Tunja
411,Veda,Rojel,vrojelbe@arizona.edu,Villa Hayes
412,Micheline,Burdin,mburdinbf@home.pl,Guojiazhuang
413,Alden,Slixby,aslixbybg@howstuffworks.com,Marmashen
414,Merilee,Gooch,mgoochbh@dion.ne.jp,Mashi
415,Thea,Samart,tsamartbi@cisco.com,Huangling
416,Staffard,Lathey,slatheybj@nationalgeographic.com,Qila Abdullāh
417,Bryant,Fraulo,bfraulobk@goo.gl,Pescadería
418,Ryley,Buret,rburetbl@msn.com,Youssoufia
419,Kingston,Ellingford,kellingfordbm@topsy.com,Krabi
420,Hardy,Poulston,hpoulstonbn@nps.gov,Chernyakhovsk
421,Herbert,Sabie,hsabiebo@marketwatch.com,Sangoleng
422,Quincey,Doblin,qdoblinbp@webmd.com,San José
423,Leah,Pietesch,lpieteschbq@about.me,Smarhon’
424,Annalise,Beddo,abeddobr@theguardian.com,Siheyuan
425,Ddene,Palomba,dpalombabs@ted.com,Pitogo
426,Noella,Luno,nlunobt@cbc.ca,Pedreira
427,Raychel,Vigne,rvignebu@uol.com.br,Batticaloa
428,Fayina,Du Pre,fduprebv@ning.com,Genengan Kulon
429,Berty,Grigoryov,bgrigoryovbw@google.com,Ban Nahin
430,Leona,Eringey,leringeybx@mysql.com,Lafia
431,Guillaume,Prujean,gprujeanby@arstechnica.com,Campo Quijano
432,Shani,Vonasek,svonasekbz@marriott.com,Guisijan
433,Hurleigh,Kyme,hkymec0@cbc.ca,Gumuk Tengah
434,Lucy,Kett,lkettc1@amazon.de,Qitan
435,Correy,Crust,ccrustc2@auda.org.au,Xinghua
436,Rosa,Millson,rmillsonc3@edublogs.org,Danyang
437,Bendicty,Larking,blarkingc4@noaa.gov,Lidingö
438,Katherina,Enrigo,kenrigoc5@sun.com,Wojciechów
439,Giavani,Franzonetti,gfranzonettic6@taobao.com,Kunčice pod Ondřejníkem
440,Waite,Berrycloth,wberryclothc7@imgur.com,Cervantes
441,Denis,Yukhnini,dyukhninic8@sakura.ne.jp,Shangtang
442,Tull,Millbank,tmillbankc9@paginegialle.it,Dao’er
443,Waneta,Barnes,wbarnesca@e-recht24.de,Dobrica
444,Hattie,Piers,hpierscb@google.com.br,Ballybofey
445,Cull,Minger,cmingercc@state.tx.us,Sexmoan
446,Tildi,Mattessen,tmattessencd@oaic.gov.au,Langenburg
447,Loleta,Nieass,lnieassce@freewebs.com,Marseille
448,Flynn,Norker,fnorkercf@geocities.com,Bafilo
449,Rich,Moodie,rmoodiecg@topsy.com,Bunigeulis
450,Lennard,Arnhold,larnholdch@freewebs.com,Crespo
451,Viole,Mainds,vmaindsci@kickstarter.com,Estância Velha
452,Octavia,Sleney,osleneycj@photobucket.com,Tidaholm
453,Syd,Antoniazzi,santoniazzick@who.int,Garang
454,Lorry,Feeham,lfeehamcl@example.com,Ringinrejo
455,Wilt,Folley,wfolleycm@flickr.com,Särkisalo
456,Gilles,Weagener,gweagenercn@paginegialle.it,Radom
457,Drake,Culham,dculhamco@epa.gov,Lycksele
458,Viviene,Poupard,vpoupardcp@wired.com,Xiaocun
459,Clareta,Manshaw,cmanshawcq@miibeian.gov.cn,Llipa
460,Clair,Assaf,cassafcr@joomla.org,Fort Macleod
461,Lucina,Lindroos,llindrooscs@sina.com.cn,Poxin
462,Stafani,Hartas,shartasct@techcrunch.com,Maji
463,Arther,Speddin,aspeddincu@cornell.edu,Krasnosilka
464,Murdoch,Meins,mmeinscv@youtu.be,Pereiras
465,Hesther,Playle,hplaylecw@fotki.com,Promissão
466,Keely,Krollmann,kkrollmanncx@macromedia.com,Pingshan
467,Nerissa,Hartington,nhartingtoncy@nationalgeographic.com,Uddevalla
468,Fleming,Bone,fbonecz@noaa.gov,Pisarzowice
469,Troy,Wray,twrayd0@auda.org.au,Aviúges
470,Sayre,Ferbrache,sferbrached1@wired.com,Jiangjing
471,Bondie,Murton,bmurtond2@examiner.com,Casablanca
472,Imogen,Grouer,igrouerd3@patch.com,Vitry-sur-Seine
473,Karee,Pladen,kpladend4@a8.net,Guayaquil
474,Erda,Tiron,etirond5@go.com,Trondheim
475,Alleen,Pontefract,apontefractd6@opera.com,Shuiyuan
476,Carena,Fernant,cfernantd7@lulu.com,Baipu
477,Diandra,MacCrosson,dmaccrossond8@noaa.gov,Hexi
478,Evangelina,Vango,evangod9@time.com,Runaway Bay
479,Averil,Newbury,anewburyda@msn.com,Huangdi
480,Kacie,MacArthur,kmacarthurdb@sfgate.com,Kablukan
481,Penrod,Scholfield,pscholfielddc@pcworld.com,Gowurdak
482,Emogene,Desaur,edesaurdd@baidu.com,Tianxin
483,Pacorro,Galton,pgaltonde@dot.gov,Pulau Pinang
484,Krystal,McMeanma,kmcmeanmadf@quantcast.com,Cordeirópolis
485,Catha,Davitti,cdavittidg@is.gd,Kiangan
486,Maynard,McCleod,mmccleoddh@linkedin.com,Cherven Bryag
487,Jo,Cerith,jcerithdi@flavors.me,München
488,Linn,Bohike,lbohikedj@ezinearticles.com,Tongshan
489,Hewie,Josef,hjosefdk@buzzfeed.com,Setonokalong
490,Gates,Blanshard,gblansharddl@booking.com,Bethlehem
491,Cary,Pesterfield,cpesterfielddm@aboutads.info,Maying
492,Tammie,Unworth,tunworthdn@army.mil,Wuning
493,Gay,Gayden,ggaydendo@chicagotribune.com,Temara
494,Gaven,Pulham,gpulhamdp@dot.gov,Mandaguari
495,Tessie,Dowley,tdowleydq@sfgate.com,Mirpur Khas
496,Benedikt,Hayward,bhaywarddr@dion.ne.jp,Zhongshan Donglu
497,Lemmy,Dykins,ldykinsds@exblog.jp,Mbinga
498,Avram,Slocom,aslocomdt@bigcartel.com,Chornyanka
499,Milzie,Dillistone,mdillistonedu@reference.com,Mayapusi
500,Lyn,Gideon,lgideondv@dagondesign.com,Jistebník
501,Edsel,Georger,egeorgerdw@cloudflare.com,Changmao
502,Corrinne,Rosencwaig,crosencwaigdx@addtoany.com,Dimitrovgrad
503,Auberon,Baumber,abaumberdy@dedecms.com,San Jerónimo
504,Darcie,Ciccotti,dciccottidz@sitemeter.com,Suchy Dąb
505,Rickey,Peddar,rpeddare0@addthis.com,Nayak
506,Joseph,Heeks,jheekse1@reuters.com,Kuching
507,Verile,Sheddan,vsheddane2@wix.com,Quintães
508,Briano,Baldick,bbaldicke3@nifty.com,Častolovice
509,Cyb,Pond-Jones,cpondjonese4@twitpic.com,Xinsheng
510,Jammal,Abriani,jabrianie5@twitpic.com,Sumberrejo
511,Marsh,Arrell,marrelle6@msu.edu,Senggapi
512,Shirlee,Harpur,sharpure7@hatena.ne.jp,Ouanaminthe
513,Rhodie,Stennings,rstenningse8@parallels.com,Urungpigang
514,Mikol,Lorens,mlorense9@unesco.org,Tuhe
515,Korry,Purvis,kpurvisea@cbc.ca,Masjid
516,Tye,Casiero,tcasieroeb@netlog.com,Cabriz
517,Daloris,Dignam,ddignamec@gravatar.com,Oxbow
518,Jeniffer,Baude,jbaudeed@google.nl,Floda
519,Ludovico,Hindmoor,lhindmooree@miibeian.gov.cn,Hekou
520,Stormie,Doorly,sdoorlyef@vimeo.com,Bengras
521,Ricky,Trudgeon,rtrudgeoneg@apache.org,Lukićevo
522,Teresita,Jackman,tjackmaneh@jimdo.com,Yangsa
523,Marlin,Hoyle,mhoyleei@cnn.com,Longka
524,Donall,Cammidge,dcammidgeej@china.com.cn,Gimry
525,Alister,Holsey,aholseyek@hud.gov,Mandeni
526,Melonie,Delhanty,mdelhantyel@t.co,Matagbak
527,Mal,Dalliston,mdallistonem@bloglines.com,Austin
528,Blair,Broadhurst,bbroadhursten@epa.gov,Komorów
529,Shellie,Caldwell,scaldwelleo@wisc.edu,Oslo
530,Elyn,Squires,esquiresep@hao123.com,Gornja Koprivna
531,Mike,MacQuarrie,mmacquarrieeq@utexas.edu,Kasimov
532,Tobey,Letty,tlettyer@cam.ac.uk,Staffanstorp
533,Gunner,Perigoe,gperigoees@chicagotribune.com,Koźle
534,Dill,Norvill,dnorvillet@1und1.de,Šventoji
535,Emmalyn,Tue,etueeu@soundcloud.com,Nikulino
536,Elaina,Hildrew,ehildrewev@ca.gov,Digos
537,Clarice,Heymann,cheymannew@ftc.gov,Intibucá
538,Mora,Stubbley,mstubbleyex@shutterfly.com,Powassan
539,Hakeem,Durdan,hdurdaney@amazonaws.com,Naifalo
540,Armand,Adan,aadanez@shinystat.com,Okayama-shi
541,Tedda,Lupton,tluptonf0@slashdot.org,Yunmen
542,Gustaf,Klaassens,gklaassensf1@sfgate.com,La Esmeralda
543,Eward,Tuckett,etuckettf2@spiegel.de,Chantal
544,Valeria,Bedinham,vbedinhamf3@miibeian.gov.cn,Omaha
545,Ruddie,Le Barre,rlebarref4@trellian.com,Chashan
546,Georgina,Spuffard,gspuffardf5@sakura.ne.jp,Qiaonan
547,Marysa,Hedderly,mhedderlyf6@liveinternet.ru,San Francisco
548,Rozanna,McIlraith,rmcilraithf7@hp.com,Anrong
549,Cassie,Scatchar,cscatcharf8@ucla.edu,Stare Kurowo
550,Kaylil,Sermin,kserminf9@apple.com,Aguas del Padre
551,Mab,Markwell,mmarkwellfa@redcross.org,Duzhou
552,Faber,Purves,fpurvesfb@bigcartel.com,Itigi
553,Juli,Mation,jmationfc@scribd.com,Plavy
554,Simonette,Winterflood,swinterfloodfd@businessinsider.com,Erdao
555,Delia,Lillee,dlilleefe@php.net,Qiangtou
556,Ana,Derrington,aderringtonff@sphinn.com,Xiangyang
557,Tami,Hellwich,thellwichfg@time.com,Lampa
558,Inessa,Ginty,igintyfh@livejournal.com,Lloque
559,Isiahi,Lethem,ilethemfi@360.cn,Yuezhao
560,Mildred,Haken,mhakenfj@guardian.co.uk,Macheng
561,Kikelia,Sewart,ksewartfk@ustream.tv,Itapira
562,Bail,Arne,barnefl@cbc.ca,São Mamede de Infesta
563,Kelcey,Barnsdall,kbarnsdallfm@oaic.gov.au,Banag
564,Sissy,Beadham,sbeadhamfn@wsj.com,Zavety Il’icha
565,Ada,Buckenhill,abuckenhillfo@google.es,Starcevica
566,Glen,Maulkin,gmaulkinfp@seesaa.net,Nhơn Trạch
567,Margaretha,Middleton,mmiddletonfq@nasa.gov,Telpaneca
568,Heddi,Yakovl,hyakovlfr@cafepress.com,Dulian
569,Gwyneth,MacNeill,gmacneillfs@mtv.com,Massaguet
570,Salomone,Balentyne,sbalentyneft@wiley.com,Khafizan
571,Sean,Scarlan,sscarlanfu@foxnews.com,Mariatana
572,Budd,Icom,bicomfv@google.com,Kouango
573,Valerye,Wogdon,vwogdonfw@nsw.gov.au,Puerto Esperanza
574,Rosana,Delagua,rdelaguafx@chronoengine.com,Lin’an
575,Alec,Dight,adightfy@amazonaws.com,Bāglung
576,Deborah,Waggitt,dwaggittfz@who.int,Damasak
577,Diahann,Filov,dfilovg0@globo.com,Novomoskovsk
578,Melba,Keneleyside,mkeneleysideg1@networkadvertising.org,Chlewiska
579,Eben,Lomb,elombg2@thetimes.co.uk,Pásion
580,Regan,Drakeley,rdrakeleyg3@latimes.com,Kadukaung
581,Cammy,Idenden,cidendeng4@harvard.edu,Libiąż
582,Jeffie,Readshaw,jreadshawg5@jalbum.net,Huaccana
583,Burton,Simms,bsimmsg6@mapy.cz,Mekkaw
584,Egan,Spurryer,espurryerg7@ucoz.ru,Sigavé
585,Briant,Garrigan,bgarrigang8@scribd.com,Akriní
586,Carmela,Riccio,cricciog9@163.com,Sogcho
587,Kacy,Cucinotta,kcucinottaga@ifeng.com,Al Hufūf
588,Caryn,Willmetts,cwillmettsgb@yellowpages.com,Reykjanesbær
589,Amaleta,Heberden,aheberdengc@pagesperso-orange.fr,Neskaupstaður
590,Dino,Velti,dveltigd@umich.edu,Qŭrghonteppa
591,Jerrie,Sturgis,jsturgisge@alexa.com,Göteborg
592,Jessamyn,Maasze,jmaaszegf@vimeo.com,Damatulan
593,Horacio,Shuter,hshutergg@myspace.com,Cergy-Pontoise
594,Marshal,Gingel,mgingelgh@scientificamerican.com,Xiaojinkou
595,Daloris,Gilmour,dgilmourgi@engadget.com,Benchu
596,Jervis,Beedie,jbeediegj@blog.com,Casal do Conde
597,Barnie,Eannetta,beannettagk@stumbleupon.com,Temizhbekskaya
598,Link,McCloid,lmccloidgl@a8.net,Lingtou
599,Forester,Connechie,fconnechiegm@sciencedaily.com,Qarāwul
600,Carlita,Thirst,cthirstgn@icq.com,Wangji
601,Madelena,Geeritz,mgeeritzgo@amazon.com,Sabaneta
602,Claire,Ranstead,cransteadgp@domainmarket.com,Norfolk
603,Stacy,Ferrucci,sferruccigq@howstuffworks.com,Viengxay
604,Kylie,Cummungs,kcummungsgr@google.nl,Taipei
605,Elana,Argont,eargontgs@symantec.com,Linköping
606,Malory,Dupoy,mdupoygt@scientificamerican.com,Tigbaw
607,Lanette,Sibbons,lsibbonsgu@imgur.com,Motong
608,Hallie,Lilburn,hlilburngv@buzzfeed.com,Kotli Lohārān
609,Myrtie,Casburn,mcasburngw@cdc.gov,Troitsk
610,Jacenta,Ablett,jablettgx@ebay.co.uk,Taghazout
611,Sherlocke,Liptrod,sliptrodgy@chicagotribune.com,Czerwonak
612,Clemence,Stearnes,cstearnesgz@livejournal.com,Raydah
613,Raddie,Stowell,rstowellh0@ebay.com,Resplendor
614,Arne,MacLaughlin,amaclaughlinh1@irs.gov,Lakinsk
615,Dorree,Kewish,dkewishh2@usatoday.com,Popielów
616,Darb,Hearst,dhearsth3@yellowbook.com,Yeysk
617,Leela,Sprigging,lspriggingh4@hibu.com,Tomé
618,Marie-ann,Grodden,mgroddenh5@ucoz.com,Tumbagaan
619,Cherri,Matzen,cmatzenh6@wikipedia.org,Bronx
620,Laney,Scorthorne,lscorthorneh7@army.mil,Atlanta
621,Daniele,Walaron,dwalaronh8@odnoklassniki.ru,Ćmielów
622,Roxy,A'field,rafieldh9@cnet.com,Pringgabaya
623,Lucine,Ellison,lellisonha@comsenz.com,Bologoye
624,Hersh,Coche,hcochehb@tamu.edu,‘Amrān
625,Hamlen,Rozalski,hrozalskihc@ifeng.com,Bengubelan
626,Noe,Berecloth,nbereclothhd@irs.gov,Lishan
627,Cam,Dillestone,cdillestonehe@tmall.com,Pilar
628,Irvin,Harries,iharrieshf@google.pl,Filipstad
629,Amargo,Greir,agreirhg@51.la,Cibunar
630,Olin,Berg,oberghh@foxnews.com,Bokor
631,Lurleen,Redsall,lredsallhi@wiley.com,Ocumare del Tuy
632,Donelle,Sleigh,dsleighhj@unicef.org,Lagoa do Itaenga
633,Kelila,Garard,kgarardhk@ox.ac.uk,Machala
634,Lorri,Liff,lliffhl@symantec.com,Krajan Gading
635,Ingra,Loweth,ilowethhm@blogger.com,Dunaújváros
636,Easter,Perry,eperryhn@csmonitor.com,Patapan
637,Antin,Jeffes,ajeffesho@quantcast.com,Sertolovo
638,Lynnelle,Huckett,lhucketthp@seesaa.net,Chernyshevsk
639,Alic,Ridout,aridouthq@jigsy.com,Berthierville
640,Iseabal,Tant,itanthr@miibeian.gov.cn,Bagu
641,Karoly,Collet,kcolleths@sfgate.com,Nakhon Ratchasima
642,Irv,Baumadier,ibaumadierht@deviantart.com,Šestajovice
643,Renard,Salmon,rsalmonhu@goo.gl,Đà Bắc
644,Stillmann,Rzehorz,srzehorzhv@opensource.org,Shchuchin
645,Robby,Sleet,rsleethw@nymag.com,Varadero
646,Larissa,Cosbee,lcosbeehx@imageshack.us,Wichita
647,Myranda,Blything,mblythinghy@yolasite.com,Bombu
648,Marlin,Milkin,mmilkinhz@xrea.com,Esperanza
649,Roger,Noah,rnoahi0@bigcartel.com,Bojonggenteng
650,Emmy,Heales,ehealesi1@geocities.com,Taurage
651,Sadella,Glew,sglewi2@psu.edu,At Taḩālif
652,Amelita,Rowan,arowani3@upenn.edu,Ḏânan
653,Luke,McCurt,lmccurti4@dmoz.org,Trà Ôn
654,Jemie,Bechley,jbechleyi5@ed.gov,Gongju
655,Sherlocke,Frears,sfrearsi6@feedburner.com,Thawat Buri
656,Clive,Bonome,cbonomei7@google.de,Kildare
657,Grange,Liversley,gliversleyi8@cbslocal.com,Hacı Zeynalabdin
658,Euell,Frowing,efrowingi9@scientificamerican.com,Temizhbekskaya
659,Emlyn,Tabary,etabaryia@sitemeter.com,Mercedes
660,Jaimie,Folshom,jfolshomib@usgs.gov,Fengqiao
661,David,Boncore,dboncoreic@independent.co.uk,Tuba
662,Marcos,Chislett,mchislettid@rakuten.co.jp,Hangbu
663,Shay,Popple,spoppleie@altervista.org,Corbeil-Essonnes
664,Gilburt,Bloore,gblooreif@delicious.com,Jijia
665,Sarajane,Capell,scapellig@mozilla.org,Liang
666,Shane,Spehr,sspehrih@wix.com,Bjästa
667,Ole,Cratere,ocratereii@opensource.org,Petrodvorets
668,Angus,Nolder,anolderij@bluehost.com,Longtan
669,Farand,Magowan,fmagowanik@jalbum.net,Promyshlennovskiy
670,Benoit,Evason,bevasonil@miitbeian.gov.cn,Biao
671,Eugenia,Tonepohl,etonepohlim@fastcompany.com,Pigí
672,Sophi,Saban,ssabanin@discovery.com,Alicia
673,Ruthe,Colclough,rcolcloughio@youku.com,Piura
674,Kenyon,Lawranson,klawransonip@netvibes.com,Mondim de Basto
675,Kris,McGoldrick,kmcgoldrickiq@oaic.gov.au,Yartsevo
676,Bourke,Trodden,btroddenir@yellowbook.com,Kalibaru
677,Algernon,Master,amasteris@twitpic.com,Heshui
678,Cobbie,Aguirrezabala,caguirrezabalait@over-blog.com,Dorval
679,Walliw,Doggett,wdoggettiu@shinystat.com,San Agustín Acasaguastlán
680,Maegan,Samme,msammeiv@jimdo.com,Brodnica
681,Gaile,Child,gchildiw@illinois.edu,Emmeloord
682,Gretal,Hurkett,ghurkettix@walmart.com,Demyansk
683,Stephana,McPhillimey,smcphillimeyiy@addthis.com,Porto Seguro
684,Jacob,Jeffcock,jjeffcockiz@buzzfeed.com,Taoyuan
685,Kimmy,Coal,kcoalj0@naver.com,Otlja
686,Ramon,Covey,rcoveyj1@netscape.com,Lenger
687,Fraze,Bartaletti,fbartalettij2@linkedin.com,Niujiang
688,Olwen,Light,olightj3@tamu.edu,Macapá
689,Sebastian,Grim,sgrimj4@tripadvisor.com,Iguig
690,Dulcie,Gethouse,dgethousej5@alexa.com,Lama
691,Cassandry,Ransfield,cransfieldj6@redcross.org,Naifaru
692,Pooh,Dolby,pdolbyj7@buzzfeed.com,Chenglin
693,Wit,Chapell,wchapellj8@dagondesign.com,Stapleford
694,Keven,Hurring,khurringj9@alibaba.com,Thị Trấn Than Uyên
695,Maurice,Jury,mjuryja@ebay.com,Kamenica
696,Lorna,Pautard,lpautardjb@psu.edu,Tianhekou
697,Edlin,Kesby,ekesbyjc@adobe.com,Cahors
698,Deena,Sprull,dsprulljd@apple.com,Palekastro
699,Arlinda,Rojel,arojelje@unc.edu,Karnice
700,Larisa,Crangle,lcranglejf@networkadvertising.org,Campinas
701,Galen,Danielsohn,gdanielsohnjg@vkontakte.ru,Bislig
702,Ada,Hehnke,ahehnkejh@netscape.com,Grand Junction
703,Karee,Klaus,kklausji@walmart.com,Mzuzu
704,Ailene,Hebson,ahebsonjj@shutterfly.com,Gojō
705,Rowan,Chismon,rchismonjk@ovh.net,Lokoja
706,Ulises,Dionisii,udionisiijl@who.int,Divinópolis
707,Weider,Krolik,wkrolikjm@cbslocal.com,Rosario del Ingre
708,Sharleen,Treeby,streebyjn@toplist.cz,Kirawsk
709,Rhoda,Greader,rgreaderjo@ifeng.com,Vale da Bajouca
710,Lulu,Bonhan,lbonhanjp@hp.com,Libertad
711,Edsel,Birkett,ebirkettjq@shutterfly.com,Rio Brilhante
712,Henry,Winkworth,hwinkworthjr@baidu.com,Criciúma
713,Korry,Janauschek,kjanauschekjs@europa.eu,Budzów
714,Constantia,Ritmeyer,critmeyerjt@slate.com,Hwange
715,Barret,Coatts,bcoattsju@merriam-webster.com,Bongouanou
716,Benjamin,Restorick,brestorickjv@google.nl,Acarigua
717,Daphene,Geockle,dgeocklejw@instagram.com,Constantia
718,Ingrid,Wapples,iwapplesjx@ihg.com,Puhja
719,Urban,Klimschak,uklimschakjy@mysql.com,Taldyqorghan
720,Klarika,Hatley,khatleyjz@people.com.cn,Capitán Solari
721,Dorris,Papis,dpapisk0@skype.com,Victoria
722,Paulie,Prout,pproutk1@squidoo.com,Butubut Norte
723,Rog,Philipps,rphilippsk2@amazon.de,Yonago
724,Vic,Ellerton,vellertonk3@springer.com,Leluo
725,Frasier,Bryer,fbryerk4@fda.gov,Huangzhuang
726,Shaine,Conti,scontik5@networkadvertising.org,Hujiaying
727,Darby,Swinbourne,dswinbournek6@qq.com,Gobernador Ingeniero Valentín Virasoro
728,Giovanna,Dorkins,gdorkinsk7@unc.edu,Skýros
729,Arleen,Zuenelli,azuenellik8@lycos.com,Baranti
730,Paige,Beagen,pbeagenk9@cbslocal.com,Vila Chã
731,Esmeralda,Sarra,esarraka@t-online.de,København
732,Klemens,Kepp,kkeppkb@barnesandnoble.com,Dresden
733,Emanuele,Mitchard,emitchardkc@ow.ly,Tuluá
734,Tabby,Girard,tgirardkd@huffingtonpost.com,Adygeysk
735,Nikita,Fullegar,nfullegarke@nih.gov,Fort Wayne
736,Cordy,Bygrove,cbygrovekf@google.co.uk,Örebro
737,Goran,Beevens,gbeevenskg@linkedin.com,Bornu Yassu
738,Sephira,Lay,slaykh@nifty.com,Petaling Jaya
739,Kalle,Bodicam,kbodicamki@networkadvertising.org,Lavrica
740,Taite,Whorall,twhorallkj@cpanel.net,Železniki
741,Dillie,Alderson,daldersonkk@chicagotribune.com,Usevia
742,Sanders,Aylmore,saylmorekl@webnode.com,Idalolong
743,Iolanthe,Cartmel,icartmelkm@vkontakte.ru,Zielonki
744,Hamlin,Garvey,hgarveykn@about.com,Bhātpāra Abhaynagar
745,Shaughn,Matasov,smatasovko@fema.gov,Noemuti
746,Hank,Yakhin,hyakhinkp@w3.org,Capayán
747,Art,Elsmere,aelsmerekq@yandex.ru,Detik Satu
748,Marcelo,Bull,mbullkr@tamu.edu,Ipoti
749,Faustine,Shinfield,fshinfieldks@addthis.com,Kedungdowo
750,Aron,Edwicke,aedwickekt@chron.com,Agrela
751,Jaimie,Clemett,jclemettku@newsvine.com,Cheongsong gun
752,Rufus,Staniforth,rstaniforthkv@google.de,Saratak
753,Mindy,Tate,mtatekw@cnbc.com,San Antonio Suchitepéquez
754,Homere,Eberlein,heberleinkx@nifty.com,Xiangyang
755,Bride,Shewring,bshewringky@ebay.co.uk,Ponta Delgada
756,Alexei,Bairstow,abairstowkz@goodreads.com,Ghormach
757,Melessa,Dixie,mdixiel0@plala.or.jp,Luziânia
758,Drud,Khosa,dkhosal1@toplist.cz,Santa Rosa de Lima
759,George,Massey,gmasseyl2@e-recht24.de,Arklow
760,Gay,Grassin,ggrassinl3@narod.ru,Luoshe
761,Cristy,Januszkiewicz,cjanuszkiewiczl4@aboutads.info,Mangero
762,Natty,Rooke,nrookel5@multiply.com,Zhuangtou
763,Sebastian,Cockerham,scockerhaml6@hexun.com,Fatumuti
764,Cherish,Gautrey,cgautreyl7@lulu.com,Santa Monica
765,Ansell,Dearlove,adearlovel8@cbslocal.com,Mauhao
766,Zitella,Inker,zinkerl9@time.com,Sulūk
767,Woodrow,Entwistle,wentwistlela@i2i.jp,Las Flores
768,Jeannette,Sumnall,jsumnalllb@zimbio.com,Raškovice
769,Olia,Trayling,otraylinglc@japanpost.jp,Isahaya
770,Fern,Krysiak,fkrysiakld@cloudflare.com,Banī Ḩassān
771,Bebe,Benninger,bbenningerle@feedburner.com,Laolong
772,Julissa,Frangione,jfrangionelf@indiegogo.com,Portela
773,Devland,Corneille,dcorneillelg@nbcnews.com,Oksa
774,Caroline,Willans,cwillanslh@yelp.com,Caotang
775,Cos,Weare,cweareli@reverbnation.com,Qinjiang
776,Northrop,Farnell,nfarnelllj@guardian.co.uk,Venado Tuerto
777,Kingsly,Faichnie,kfaichnielk@mysql.com,Machida
778,Kellyann,Grinham,kgrinhamll@mozilla.org,Tlogocilik
779,Elinor,Fernyhough,efernyhoughlm@dailymotion.com,Kočevje
780,Alleen,Franzolini,afranzoliniln@about.com,Neresnytsya
781,Jeremiah,Dearnley,jdearnleylo@craigslist.org,Drammen
782,Neda,Makeswell,nmakeswelllp@dell.com,Washington
783,Joann,Humbee,jhumbeelq@t-online.de,Mananara
784,Randolf,Hayer,rhayerlr@elegantthemes.com,Madalena do Mar
785,Massimo,Wreakes,mwreakesls@shutterfly.com,Sentani
786,Spence,Rothermel,srothermellt@chicagotribune.com,Escola
787,Nickola,Hudson,nhudsonlu@spotify.com,Bánica
788,Nancy,Craddock,ncraddocklv@nature.com,Wangren
789,Heall,Doerr,hdoerrlw@webnode.com,Peuhaq
790,Lila,Biswell,lbiswelllx@blogger.com,Sadkowice
791,Mara,Currum,mcurrumly@lycos.com,Swan Hills
792,Obed,Voce,ovocelz@themeforest.net,Nantes
793,Cordell,Sagerson,csagersonm0@weebly.com,Llaillay
794,Hamlen,Applewhite,happlewhitem1@google.de,Zhanqian
795,Selig,Krop,skropm2@ibm.com,Cinangka
796,Shane,Suttell,ssuttellm3@sakura.ne.jp,Dingyan
797,Catlaina,Kem,ckemm4@booking.com,El Paso
798,Kalvin,Farries,kfarriesm5@sciencedirect.com,Castêlo
799,Shirlene,Cellier,scellierm6@skyrock.com,Yuanlin
800,Darnall,Olland,dollandm7@dion.ne.jp,Mayang
801,Mattie,Seemmonds,mseemmondsm8@hubpages.com,Caldas da Felgueira
802,Benji,Pettipher,bpettipherm9@wsj.com,Sambong
803,Abie,Monkleigh,amonkleighma@earthlink.net,Anding
804,Berry,Birchwood,bbirchwoodmb@wiley.com,Tinaquillo
805,Odelle,Gerhartz,ogerhartzmc@mit.edu,Penalva
806,Gertrude,Catherick,gcatherickmd@twitpic.com,Leticia
807,Celie,Davidowich,cdavidowichme@twitter.com,Yangping
808,Johnathan,Kamenar,jkamenarmf@youku.com,Altagracia de Orituco
809,Nonah,Wellen,nwellenmg@seattletimes.com,Puyehue
810,Nancy,Yuryaev,nyuryaevmh@xing.com,Paraty
811,Gothart,Torald,gtoraldmi@cisco.com,Jiaoqi
812,Manya,Da Costa,mdacostamj@netvibes.com,Ariquemes
813,Katheryn,Roggieri,kroggierimk@cmu.edu,Ḩājjīābād
814,Phebe,Igglesden,pigglesdenml@usa.gov,Moya
815,Ayn,Surguine,asurguinemm@cafepress.com,Shanglaxiu
816,Ellwood,Proudman,eproudmanmn@ask.com,Mulatupo
817,Berny,Hought,bhoughtmo@uiuc.edu,Samdo
818,Guthry,Seefeldt,gseefeldtmp@psu.edu,Colonia Mauricio José Troche
819,Roana,Bevington,rbevingtonmq@hp.com,Nanyo
820,Edith,Scrimgeour,escrimgeourmr@latimes.com,Jistebník
821,Bertina,Jillett,bjillettms@prlog.org,Jawhar
822,Zabrina,Mathes,zmathesmt@archive.org,Corozal
823,Amii,Horribine,ahorribinemu@intel.com,Dallas
824,Allyce,Laffoley-Lane,alaffoleylanemv@japanpost.jp,Smārde
825,Elizabet,Bunclark,ebunclarkmw@oakley.com,Sembalunbumbung
826,Duff,Broad,dbroadmx@yellowpages.com,Perstorp
827,Zack,Hynard,zhynardmy@patch.com,Varna
828,Lucien,McCorrie,lmccorriemz@jimdo.com,Papakura
829,Babbette,Maeer,bmaeern0@google.co.uk,Partizansk
830,Quent,Esgate,qesgaten1@go.com,Laohugang
831,Linus,McGonagle,lmcgonaglen2@imgur.com,Huangmei
832,Mimi,Sante,msanten3@va.gov,Los Frentones
833,Kliment,MacRirie,kmacririen4@fastcompany.com,Zaragoza
834,Alexis,Webborn,awebbornn5@paypal.com,Uruobo-Okija
835,Osbert,Gosenell,ogosenelln6@ibm.com,Arroyo Salado
836,Trent,Simoncello,tsimoncellon7@zdnet.com,Nîmes
837,Franciska,Hambric,fhambricn8@icio.us,Sima
838,Gustaf,Manicomb,gmanicombn9@amazonaws.com,Floda
839,Silvana,Coutts,scouttsna@elpais.com,Świecie nad Osą
840,Efrem,Dufton,eduftonnb@live.com,Ezhou
841,Berti,Birtwell,bbirtwellnc@blog.com,Rungis
842,Elspeth,Brice,ebricend@nyu.edu,Čajniče
843,Terra,Limbrick,tlimbrickne@accuweather.com,Parabcan
844,Bryn,Pollington,bpollingtonnf@google.ru,Söderhamn
845,Drugi,Lamerton,dlamertonng@prlog.org,Cardal
846,Erminie,Nattriss,enattrissnh@patch.com,Benoni
847,Gayelord,Kelf,gkelfni@house.gov,Erdaocha
848,Kinnie,Maxwaile,kmaxwailenj@flickr.com,Flandes
849,Juliana,Lambart,jlambartnk@bravesites.com,Jishigang
850,Miof mela,Volks,mvolksnl@live.com,Beima
851,Wat,Wensley,wwensleynm@alexa.com,Ngangguk
852,Gustavus,Broseke,gbrosekenn@google.com.hk,Třešť
853,Gabrila,Bratten,gbrattenno@typepad.com,Poljčane
854,Paloma,Carrane,pcarranenp@wikimedia.org,Masaraway
855,Doyle,Whisker,dwhiskernq@epa.gov,San Jose
856,Sonnnie,McClary,smcclarynr@goo.ne.jp,Riga
857,Arden,De Vaux,adevauxns@xrea.com,Round Rock
858,Marika,Ellwand,mellwandnt@time.com,Memaliaj
859,Estrella,Embury,eemburynu@instagram.com,Tsuruoka
860,Sibella,Bowes,sbowesnv@telegraph.co.uk,Santa Maria
861,Nappie,Fowells,nfowellsnw@yahoo.co.jp,Motrico
862,Leicester,Pashby,lpashbynx@amazonaws.com,Bahía Blanca
863,Binni,Beggan,bbegganny@usda.gov,Xinxikou
864,Timmi,Hazlehurst,thazlehurstnz@t-online.de,San Antonio
865,Lisetta,Borgne,lborgneo0@dailymail.co.uk,Abaca
866,Jemima,Albiston,jalbistono1@adobe.com,Nueva Gorgona
867,Sibella,Box,sboxo2@twitter.com,Sochaux
868,Gram,Arnfield,garnfieldo3@nhs.uk,Arauco
869,Delmor,Drewry,ddrewryo4@google.ru,Sathon
870,Dorie,Cruce,dcruceo5@msn.com,Plalar
871,Gaby,Charman,gcharmano6@friendfeed.com,Nong Phai
872,Cherey,Greve,cgreveo7@webs.com,Vantaa
873,Gerrie,Huguet,ghugueto8@ted.com,Espargos
874,Guthry,Vargas,gvargaso9@samsung.com,Neglasari
875,Clarisse,Swindell,cswindelloa@netvibes.com,Ciusul
876,Nicko,de Grey,ndegreyob@de.vu,Coratatal
877,Burch,Muxworthy,bmuxworthyoc@google.com.br,Lípa
878,Wallis,Von Der Empten,wvonderemptenod@foxnews.com,Songjiang
879,Carolus,Treasaden,ctreasadenoe@jiathis.com,Čejkovice
880,Cristin,Birchner,cbirchnerof@mediafire.com,Rennes
881,Dennie,Le Leu,dleleuog@harvard.edu,Vyshniy Volochëk
882,Paulina,Shawcross,pshawcrossoh@cornell.edu,Xubao
883,Jo-ann,Reimer,jreimeroi@sitemeter.com,Mingyihe
884,Robbyn,Eneas,reneasoj@pinterest.com,Nizhniy Ufaley
885,Basilius,Jeanequin,bjeanequinok@1und1.de,Арачиново
886,Gabriel,Stollenberg,gstollenbergol@furl.net,Juvisy-sur-Orge
887,Giavani,Lochead,glocheadom@state.tx.us,Pregradnoye
888,Reeta,Tedridge,rtedridgeon@sakura.ne.jp,Kipini
889,Marti,Davydzenko,mdavydzenkooo@statcounter.com,Okinawa Número Uno
890,Alissa,Bartzen,abartzenop@reference.com,Salinas
891,Moise,Jacobowitz,mjacobowitzoq@ucla.edu,Engenheiro Beltrão
892,Evie,Da Costa,edacostaor@nyu.edu,Istaravshan
893,Xymenes,McCallum,xmccallumos@example.com,Siedliska
894,Claudina,Kyle,ckyleot@skyrock.com,Ojo de Agua
895,Ilka,Roney,ironeyou@imageshack.us,Faratsiho
896,Fayina,Vassel,fvasselov@cbc.ca,Maslovka
897,Welbie,Pagen,wpagenow@xing.com,Jinhua
898,Neal,Irnys,nirnysox@livejournal.com,Cihe
899,Shane,Schoroder,sschoroderoy@blog.com,Pindi Bhattiān
900,Land,Peddersen,lpeddersenoz@netvibes.com,Yabrūd
901,Gwenneth,Mechic,gmechicp0@geocities.com,Trondheim
902,Johna,Hubbins,jhubbinsp1@devhub.com,Muye
903,Marnie,Mycock,mmycockp2@plala.or.jp,Gif-sur-Yvette
904,Flo,Ketteringham,fketteringhamp3@sfgate.com,L'Île-Perrot
905,Janifer,Spat,jspatp4@de.vu,High River
906,Gwendolyn,Maffezzoli,gmaffezzolip5@rakuten.co.jp,Lovisa
907,Baily,Bartkiewicz,bbartkiewiczp6@globo.com,Rosso
908,Shepherd,Schimke,sschimkep7@jugem.jp,São Lourenço da Mata
909,Ginger,Waltho,gwalthop8@un.org,Huangtian
910,Bessie,Sarten,bsartenp9@oracle.com,Tanahwangko
911,Darda,Buttrey,dbuttreypa@statcounter.com,Miao’ergou
912,Latisha,Quipp,lquipppb@hud.gov,Bassa
913,Sheeree,Downham,sdownhampc@themeforest.net,Luniao
914,Vernen,Cardow,vcardowpd@biblegateway.com,Montbrison
915,Sayer,Finnan,sfinnanpe@nature.com,San Andrés
916,Viki,Kelsall,vkelsallpf@umich.edu,Sirre
917,Barnabas,Aymer,baymerpg@samsung.com,Ageoshimo
918,Herculie,Gaythorpe,hgaythorpeph@samsung.com,Santo Amaro
919,Hoebart,Ruby,hrubypi@google.fr,Kebonan
920,Mariam,Bellchamber,mbellchamberpj@vimeo.com,Bogolyubovo
921,Knox,Moodycliffe,kmoodycliffepk@woothemes.com,Ungus-Ungus
922,Adams,Siggins,asigginspl@baidu.com,Icó
923,Delano,Blasi,dblasipm@qq.com,Kalibunder
924,Evered,Fallen,efallenpn@nba.com,Iwo
925,Violante,Corneck,vcorneckpo@fastcompany.com,Sumberkenanga
926,Janis,Ianittello,jianittellopp@reddit.com,Zuolan
927,Theadora,Moresby,tmoresbypq@msn.com,Santa Catarina
928,Carolan,Delos,cdelospr@imgur.com,Braço do Norte
929,Walt,Lloyds,wlloydsps@shutterfly.com,Koroška Bela
930,Merrick,Redmell,mredmellpt@auda.org.au,Dąbie
931,Johann,deKnevet,jdeknevetpu@bravesites.com,Corozal
932,Aurore,O'Currane,aocurranepv@eepurl.com,Celso Ramos
933,Frederigo,Stannis,fstannispw@un.org,Jaffna
934,Jannelle,Gilbeart,jgilbeartpx@purevolume.com,Tilburg
935,Eldon,Hamnett,ehamnettpy@phpbb.com,Perechyn
936,Nealson,Naris,nnarispz@disqus.com,Xiagong
937,Earle,Ree,ereeq0@delicious.com,Dijon
938,Denver,Shales,dshalesq1@wikispaces.com,Kouvarás
939,Merrili,Stainton - Skinn,mstaintonskinnq2@ocn.ne.jp,Xinming
940,Shelagh,Shellshear,sshellshearq3@cornell.edu,Fovissste
941,Kelsey,Parrott,kparrottq4@washington.edu,Huaikan
942,Coleen,Tuny,ctunyq5@gov.uk,Shuikou
943,Kirbee,McTeague,kmcteagueq6@booking.com,Ciranca Satu
944,Linoel,Shirley,lshirleyq7@noaa.gov,Roscoff
945,Rock,Seydlitz,rseydlitzq8@delicious.com,Old Kilcullen
946,Brigham,Edgars,bedgarsq9@yahoo.co.jp,Barnaul
947,Maurise,Knapman,mknapmanqa@posterous.com,Tajumulco
948,Cecilio,Risbrough,crisbroughqb@amazon.com,Berkovitsa
949,Price,Lavington,plavingtonqc@nasa.gov,Capayán
950,Larine,Joule,ljouleqd@tamu.edu,Yelizavetino
951,Krispin,Dargie,kdargieqe@eepurl.com,Lanas
952,Christophorus,Delacourt,cdelacourtqf@phpbb.com,Lethem
953,Anallese,Sheehan,asheehanqg@senate.gov,Oelaba
954,Meredith,Farnish,mfarnishqh@weebly.com,Itaparica
955,Roderick,Lamburn,rlamburnqi@pcworld.com,Ambarawa
956,Marchall,Heaselgrave,mheaselgraveqj@pbs.org,Goworowo
957,Keri,Arpe,karpeqk@un.org,Margasari
958,Lulita,Alfonsetti,lalfonsettiql@meetup.com,Stetseva
959,Binni,Barenskie,bbarenskieqm@hugedomains.com,Socabaya
960,Juliet,Pinchon,jpinchonqn@purevolume.com,Chinchiná
961,Amerigo,Sparrowhawk,asparrowhawkqo@ucoz.com,Jakusko
962,Elke,Mosson,emossonqp@icq.com,Jiaoyuan
963,Prudi,Shedd,psheddqq@mozilla.org,Jinkou
964,Catha,Bridgland,cbridglandqr@economist.com,Miyata
965,Humfrid,Flescher,hflescherqs@stanford.edu,Lianxia
966,Lanie,Leele,lleeleqt@un.org,Kiloloran
967,Rivkah,Clemintoni,rclemintoniqu@nps.gov,Sinarwangi
968,Dov,Rochewell,drochewellqv@clickbank.net,Tuqiao
969,Aleksandr,MacAloren,amacalorenqw@go.com,Yalkhoy-Mokhk
970,Herby,Ferrie,hferrieqx@is.gd,Kvitok
971,Sheff,Campanelle,scampanelleqy@china.com.cn,Kowingir
972,Fan,Wyard,fwyardqz@nasa.gov,Ishurdi
973,Emlyn,Fargher,efargherr0@canalblog.com,Longsheng
974,Kelvin,Nerheny,knerhenyr1@msn.com,Domont
975,Casey,Fearnall,cfearnallr2@tripod.com,Pandangan Kulon
976,Ginger,Tison,gtisonr3@w3.org,La Paz
977,Tillie,Trusse,ttrusser4@usa.gov,Nobeoka
978,Kiley,Bulcock,kbulcockr5@intel.com,Malinovskiy
979,Leone,Benzies,lbenziesr6@fema.gov,Llalli
980,Weider,Plume,wplumer7@hp.com,Elias Fausto
981,Robbyn,Pooly,rpoolyr8@a8.net,Itajaí
982,Paquito,Campkin,pcampkinr9@hibu.com,Jobabo
983,Llywellyn,Seys,lseysra@craigslist.org,Uglich
984,Brody,Loney,bloneyrb@hugedomains.com,Río Alejandro
985,Lauree,Thomason,lthomasonrc@state.tx.us,Kuala Lumpur
986,Melvyn,Kelshaw,mkelshawrd@friendfeed.com,Taquari
987,Enoch,Lightewood,elightewoodre@g.co,Shali
988,Wittie,Mawditt,wmawdittrf@zimbio.com,Xinglong
989,Joellen,Matias,jmatiasrg@washingtonpost.com,Isahaya
990,Emera,Staden,estadenrh@unicef.org,Jistebnice
991,Kippy,Wick,kwickri@techcrunch.com,Baiyang
992,Elaina,Firth,efirthrj@zimbio.com,Naawan
993,Isis,Wadsworth,iwadsworthrk@hugedomains.com,Lakatoro
994,Ole,Clegg,ocleggrl@dmoz.org,Panaoti
995,Hurleigh,Linay,hlinayrm@virginia.edu,Eksjö
996,Deva,De Maria,ddemariarn@gizmodo.com,Ugep
997,Babbette,Fremantle,bfremantlero@theguardian.com,Kayangel
998,Torrin,Cockshott,tcockshottrp@prlog.org,Huangcaotuo
999,Roscoe,Manicomb,rmanicombrq@instagram.com,Manquiring
1000,Stavro,Gerrard,sgerrardrr@house.gov,Ferreñafe
